1001,Karthik,Kolume,2775696,ksk@gmail.com,1722
1002,Manjula,SK,3987689,manj@gmail.com,3468
1003,Satish,Shanbogh,2679056,sat@gmail.com,5876
1004,Tyson,Ashley,2568909,tyson.a@outlook.com,8710
1005,Kruthika,Reddy,2776464,kruthika_reddy@outlook.com,1631
1006,Adithya,Kumar,8765489,adi.kumar12@gmail.com,8710
1007,Avinash,Honey,2768953,avi_honey@gmail.com,5879
1008,Shivakumar,Kholi,2367098,shivu.k@outlook.com,3469
1009,Shanmu,Dhawan,7683653,shanmu_d@gmail.com,1603
1010,Nag,Sharma,4780943,nag.sharma321@outlook.com,1850
1011,Chris,John,7498726,chris_j@gmail.com,5879